{
  "total_sessions": 3,
  "total_breaks": 3,
  "total_work_time": 61.112806000000006,
  "longest_session": 29.679072,
  "average_session": 20.370935333333335,
  "last_session": "2026-02-21T14:20:25.138254"
}